round_epochs,val_loss,val_mae,loss,mae,activation,batch_size,dropout,epochs,kernel_initializer,last_activation,losses,lr,number_of_neurons,optimizer
100,0.059057996860816926,0.05905800312757492,0.057453491252503895,0.0574535,relu,30,0,100,uniform,linear,mae,0.01,100,Adam
100,0.058919574615265626,0.05891956016421318,0.05702248468799027,0.05702248,relu,30,0,100,uniform,linear,mae,1e-05,100,Adam
100,0.05950822464367905,0.059508226811885834,0.05690601037913247,0.05690602,relu,30,0,100,uniform,linear,mae,0.0001,100,Adam
100,0.06063740796726087,0.06063740700483322,0.057190919063593214,0.05719091,relu,30,0,100,uniform,linear,mae,0.001,100,Adam
100,0.06034643220036402,0.06034644693136215,0.0572452095111734,0.057245187,relu,30,0,100,uniform,linear,mae,0.2,100,Adam
100,0.05915165493678309,0.05915166810154915,0.057477598298144965,0.057477616,relu,30,0,100,uniform,linear,mae,0.3,100,Adam
100,0.05942615388557754,0.05942615121603012,0.05730877665312667,0.057308774,relu,30,0,100,uniform,linear,mae,0.5,100,Adam
100,0.05952681154049274,0.05952681228518486,0.05813984511910301,0.05813985,relu,30,0,100,uniform,linear,mae,0.7,100,Adam
100,0.05968955210419207,0.05968955159187317,0.05723101896086806,0.05723101,relu,30,0,100,uniform,linear,mae,1,100,Adam
