round_epochs,val_loss,val_mae,loss,mae,activation,batch_size,dropout,epochs,kernel_initializer,last_activation,losses,lr,number_of_neurons,optimizer
100,0.08704733217138731,0.08704731613397598,0.08597341604922946,0.085973375,relu,30,0,100,uniform,linear,mae,0.01,1,Adam
100,0.062145711144172604,0.062145721167325974,0.06082119508009208,0.06082118,relu,30,0,100,uniform,linear,mae,0.01,25,Adam
100,0.06168301734151154,0.061683010309934616,0.05971108691668824,0.059711084,relu,30,0,100,uniform,linear,mae,0.01,50,Adam
100,0.06112535301530057,0.06112537160515785,0.059054257901091325,0.059054237,relu,30,0,100,uniform,linear,mae,0.01,75,Adam
100,0.05944542325154854,0.05944543704390526,0.0573268416563147,0.057326853,relu,30,0,100,uniform,linear,mae,0.01,100,Adam
100,0.05941807360467016,0.05941807106137276,0.05701477918381754,0.05701478,relu,30,0,100,uniform,linear,mae,0.01,125,Adam
100,0.06047708295607731,0.06047707051038742,0.05779444536880443,0.05779444,relu,30,0,100,uniform,linear,mae,0.01,150,Adam
100,0.05924801186115018,0.059248000383377075,0.05720715388655662,0.05720716,relu,30,0,100,uniform,linear,mae,0.01,175,Adam
100,0.059851962727199955,0.059851959347724915,0.05581374884828141,0.05581374,relu,30,0,100,uniform,linear,mae,0.01,200,Adam
