round_epochs,val_loss,val_mse,loss,mse,activation,batch_size,dropout,epochs,kernel_initializer,last_activation,losses,lr,number_of_neurons,optimizer
100,0.01596485168287944,0.015964850783348083,0.016101087544015364,0.016101085,relu,30,0,100,uniform,linear,mse,0.01,1,Adam
100,0.007999469169775987,0.00799946952611208,0.007677582915088064,0.0076775835,relu,30,0,100,uniform,linear,mse,0.01,25,Adam
100,0.0078002708819502695,0.007800272200256586,0.0072483833531211865,0.007248385,relu,30,0,100,uniform,linear,mse,0.01,50,Adam
100,0.0081365330811235,0.008136534132063389,0.006956239426018376,0.006956238,relu,30,0,100,uniform,linear,mse,0.01,75,Adam
100,0.008153027880532952,0.00815302599221468,0.006866918207440329,0.0068669184,relu,30,0,100,uniform,linear,mse,0.01,100,Adam
100,0.008115190113546996,0.008115189149975777,0.00691633269828009,0.006916332,relu,30,0,100,uniform,linear,mse,0.01,125,Adam
100,0.00759256596211344,0.007592565845698118,0.00671209014462013,0.0067120898,relu,30,0,100,uniform,linear,mse,0.01,150,Adam
100,0.007601905661824476,0.007601905148476362,0.006812776043079794,0.0068127736,relu,30,0,100,uniform,linear,mse,0.01,175,Adam
100,0.007523572597856686,0.007523572072386742,0.006777008691263434,0.006777009,relu,30,0,100,uniform,linear,mse,0.01,200,Adam
